{
  "artifact_hashes": {
    "certificate.pdf": {
      "sha256": "7d23dac21309b5e711a652fe2b4b1803196895e160d78c08da2385e2e6923b12"
    },
    "registry.json": {
      "sha256": "c8e20b3d29733e2d08ca7f13f1619c6d60c83cb65fa7aac234b40a98def649e3"
    }
  },
  "certificate_id": "14c2a26148b15bcce8aed6615fbd37c974e492f8db5631371e16aa5178bf2776",
  "certification_body": "CSL Verification Authority",
  "compression": {
    "algo": "zlib",
    "bytes_after": 1544,
    "bytes_before": 4190,
    "ratio": 0.3684964200477327
  },
  "digital_signature": {
    "signer": null,
    "status": "pending_external_signing"
  },
  "issued_at": "2025-10-17 15:26:14 UTC",
  "next_verification_due": "2028-10-17 15:26:14 UTC",
  "reproducibility_confirmed": true,
  "safety_classification": "IEC 62304 Class C / FDA 510(k)",
  "stages": [
    {
      "bytes": 4190,
      "name": "ORIGINAL",
      "sha256": "14c2a26148b15bcce8aed6615fbd37c974e492f8db5631371e16aa5178bf2776"
    },
    {
      "bytes": 4190,
      "name": "CANON",
      "sha256": "14c2a26148b15bcce8aed6615fbd37c974e492f8db5631371e16aa5178bf2776"
    },
    {
      "bytes": 1544,
      "name": "PACK(zlib)",
      "sha256": "35582f3975966321803ff1188fcab03c049a4a64125268eab71294c28f1edc12"
    }
  ],
  "subject": "Medical Device Software Module (Insulin Pump Controller)",
  "validity_period_years": 3,
  "verification_level": "Formal Methods + Cryptographic Integrity",
  "version": "CSL-CERT/1.0"
}
